156,jdoe,healthyguy1,John Doe,j.doe@gmail.com,New patient
698,sallyw,password123,Sally Williams,salwil@yahoo.com,Awaiting test results
463,marysue,MarySue1sTh3B3st,Mary Sue,marysue@gmail.com,Appointment cancelled
653,tred,treehugger,Tom Redland,tred@hotmail.com,no notes for me!
227,tdoug,redheadguy6,Terry Douglas,tdoug@gmail.com,Awaiting doctor review
654,markmark,collinscollins,Mark Collins,mmcc@ymail.com,New patient
200,sammyb,AllAboutPuppies,Samantha Bonner,sammyb@yahoo.com,Awaiting test results
397,jsmith,JustAnotherPassword,Jane Smith,jsmith@gmail.com,Appointment scheduled 6/1/25
912,shells,needabeachvaycay,Shelly May,maymay@gmail.com,Appointment scheduled 7/7/25
333,dbrown,password1234567890,Daryl Brown,dbrown@gmail.com,cool patient